5,Julian,Predovic,Julian_Predovic17@hotmail.com,13270415770
4,Clarissa,Smith,Clarissa_Smith26@gmail.com,12931680384
2,Kendra,Rohan,Kendra_Rohan@gmail.com,15042313730
1,Terrance,Rolfson,Terrance67@hotmail.com,12745844345
5,Bettie,Kovacek,Bettie35@gmail.com,16216139949
4,Vickie,Wisozk,Vickie29@yahoo.com,18579614464
1,Trinity,Weimann,Trinity7@hotmail.com,12413008100
2,Aurore,Gleichner,Aurore87@gmail.com,14971020268
2,Adam,Medhurst,Adam.Medhurst@hotmail.com,14162547467
3,Destiney,Oberbrunner,Destiney21@hotmail.com,14816553154
4,Vincenza,Heathcote,Vincenza_Heathcote94@gmail.com,12860320567
3,Fredy,Johns,Fredy29@gmail.com,15003181069
1,Madisen,Barrows,Madisen28@hotmail.com,18464724249
4,Leatha,Heller,Leatha_Heller31@gmail.com,19702920696
1,Myrl,Kiehn,Myrl_Kiehn@yahoo.com,14285785825
3,Natalie,Hayes,Natalie_Hayes@yahoo.com,14737701227
2,Leon,Emmerich,Leon4@hotmail.com,17995043741
1,Lavon,Crooks,Lavon.Crooks@hotmail.com,13884721748
4,Santiago,Lockman,Santiago78@yahoo.com,14172381014
3,Davonte,Johnson,Davonte.Johnson33@hotmail.com,16081074428
2,Salvatore,Lynch,Salvatore.Lynch@yahoo.com,16218085752
4,Lazaro,White,Lazaro29@gmail.com,17067666243
6,Althea,Batz,Althea.Batz@yahoo.com,10861983793
3,Carmela,Harris,Carmela73@gmail.com,14386074224
1,Carlos,Shanahan,Carlos_Shanahan@hotmail.com,12417012447
1,Kaycee,Feil,Kaycee.Feil@hotmail.com,13263908404
4,Clementine,Kutch,Clementine5@yahoo.com,16900460780
6,Astrid,Kautzer,Astrid26@yahoo.com,19554613965
2,Demarcus,Heathcote,Demarcus.Heathcote@yahoo.com,10215509003
1,Rebeka,Bergstrom,Rebeka15@gmail.com,11228863273
2,Gino,Treutel,Gino.Treutel@gmail.com,19895847507
2,Lucious,Miller,Lucious.Miller@hotmail.com,10508172139
6,Rocky,Dibbert,Rocky_Dibbert0@gmail.com,13422901288
3,Isobel,Wisozk,Isobel.Wisozk@yahoo.com,11880305950
5,Soledad,Heller,Soledad.Heller@yahoo.com,13835361826
2,Rosalind,Rowe,Rosalind_Rowe@hotmail.com,19807409306
3,Cecelia,Schultz,Cecelia.Schultz@gmail.com,11963701267
4,Alize,Leffler,Alize73@hotmail.com,13072382728
6,Aditya,Kilback,Aditya69@hotmail.com,11309989911
1,Dena,Jenkins,Dena.Jenkins@gmail.com,10508552969
3,Michael,Kub,Michael.Kub3@hotmail.com,15312968175
1,Boris,Lynch,Boris_Lynch@gmail.com,17240061885
4,Eula,Baumbach,Eula_Baumbach29@hotmail.com,13532536540
5,Madilyn,Wunsch,Madilyn20@yahoo.com,14084943474
5,Kamron,Prohaska,Kamron.Prohaska@hotmail.com,13392180135
1,Jacquelyn,Bednar,Jacquelyn71@hotmail.com,16984837778
6,Brannon,Kozey,Brannon44@hotmail.com,14188767522
2,Helena,Wyman,Helena_Wyman@yahoo.com,16406478424
4,Otilia,Breitenberg,Otilia79@hotmail.com,12459094572
6,Minnie,Schamberger,Minnie.Schamberger@hotmail.com,13837387720
